{"cameraMode":{"drawMode":0,"name":"Shaded","section":"Shading Mode"},"sceneLighting":true,"audioPlay":false,"sceneViewState":{"m_AlwaysRefresh":false,"showFog":true,"showSkybox":true,"showFlares":true,"showImageEffects":true,"showParticleSystems":true,"showVisualEffectGraphs":true,"m_FxEnabled":true},"in2DMode":false,"pivot":{"x":1.8479615449905396,"y":-16.28289222717285,"z":-0.20755164325237275},"rotation":{"x":0.2028937041759491,"y":0.013864291831851006,"z":-0.002687426283955574,"w":0.9791993498802185},"size":41.02021789550781,"orthographic":false}