{"cameraMode":{"drawMode":0,"name":"Shaded","section":"Shading Mode"},"sceneLighting":true,"audioPlay":false,"sceneViewState":{"m_AlwaysRefresh":false,"showFog":true,"showSkybox":false,"showFlares":true,"showImageEffects":true,"showParticleSystems":true,"showVisualEffectGraphs":true,"m_FxEnabled":true},"in2DMode":false,"pivot":{"x":39.900001525878909,"y":0.38999998569488528,"z":0.21080589294433595},"rotation":{"x":0.09616908431053162,"y":-0.0038466264959424736,"z":0.0005317686009220779,"w":0.9954541921615601},"size":7.088723659515381,"orthographic":false}